{
  "x-generator": "NSwag v13.9.4.0 (NJsonSchema v10.3.1.0 (Newtonsoft.Json v9.0.0.0))",
  "openapi": "3.0.0",
  "info": {
    "title": "BvAcademyPortal API",
    "version": "1.0.0"
  },
  "paths": {
    "/api/1.0/Account/current": {
      "get": {
        "tags": [
          "Account"
        ],
        "operationId": "Account_Get",
        "responses": {
          "200": {
            "description": "",
            "content": {
              "application/json": {
                "schema": {
                  "$ref": "#/components/schemas/TodosVm"
                }
              }
            }
          }
        },
        "security": [
          {
            "JWT": []
          }
        ]
      }
    },
    "/api/1.0/Account": {
      "get": {
        "tags": [
          "Account"
        ],
        "operationId": "Account_GetUser",
        "responses": {
          "200": {
            "description": "",
            "content": {
              "application/json": {
                "schema": {
                  "$ref": "#/components/schemas/UserShortDto"
                }
              }
            }
          }
        },
        "security": [
          {
            "JWT": []
          }
        ]
      }
    },
    "/api/1.0/Courses": {
      "get": {
        "tags": [
          "Courses"
        ],
        "operationId": "Courses_Get",
        "responses": {
          "200": {
            "description": "",
            "content": {
              "application/json": {
                "schema": {
                  "$ref": "#/components/schemas/TodosVm"
                }
              }
            }
          }
        },
        "security": [
          {
            "JWT": []
          }
        ]
      },
      "post": {
        "tags": [
          "Courses"
        ],
        "operationId": "Courses_Create",
        "requestBody": {
          "x-name": "command",
          "content": {
            "application/json": {
              "schema": {
                "$ref": "#/components/schemas/CreateCourseCommand"
              }
            }
          },
          "required": true,
          "x-position": 1
        },
        "responses": {
          "200": {
            "description": "",
            "content": {
              "application/json": {
                "schema": {
                  "type": "integer",
                  "format": "int32"
                }
              }
            }
          }
        },
        "security": [
          {
            "JWT": []
          }
        ]
      }
    },
    "/api/1.0/Courses/{id}": {
      "get": {
        "tags": [
          "Courses"
        ],
        "operationId": "Courses_Get2",
        "parameters": [
          {
            "name": "id",
            "in": "path",
            "required": true,
            "schema": {
              "type": "integer",
              "format": "int32"
            },
            "x-position": 1
          }
        ],
        "responses": {
          "200": {
            "description": "",
            "content": {
              "application/octet-stream": {
                "schema": {
                  "type": "string",
                  "format": "binary"
                }
              }
            }
          }
        },
        "security": [
          {
            "JWT": []
          }
        ]
      },
      "put": {
        "tags": [
          "Courses"
        ],
        "operationId": "Courses_Update",
        "parameters": [
          {
            "name": "id",
            "in": "path",
            "required": true,
            "schema": {
              "type": "integer",
              "format": "int32"
            },
            "x-position": 1
          }
        ],
        "requestBody": {
          "x-name": "command",
          "content": {
            "application/json": {
              "schema": {
                "$ref": "#/components/schemas/UpdateCourseCommand"
              }
            }
          },
          "required": true,
          "x-position": 2
        },
        "responses": {
          "200": {
            "description": "",
            "content": {
              "application/octet-stream": {
                "schema": {
                  "type": "string",
                  "format": "binary"
                }
              }
            }
          }
        },
        "security": [
          {
            "JWT": []
          }
        ]
      },
      "delete": {
        "tags": [
          "Courses"
        ],
        "operationId": "Courses_Delete",
        "parameters": [
          {
            "name": "id",
            "in": "path",
            "required": true,
            "schema": {
              "type": "integer",
              "format": "int32"
            },
            "x-position": 1
          }
        ],
        "responses": {
          "200": {
            "description": "",
            "content": {
              "application/octet-stream": {
                "schema": {
                  "type": "string",
                  "format": "binary"
                }
              }
            }
          }
        },
        "security": [
          {
            "JWT": []
          }
        ]
      }
    },
    "/api/1.0/SkillTypes": {
      "get": {
        "tags": [
          "SkillTypes"
        ],
        "operationId": "SkillTypes_Get",
        "responses": {
          "200": {
            "description": "",
            "content": {
              "application/json": {
                "schema": {
                  "type": "array",
                  "items": {
                    "$ref": "#/components/schemas/SkillTypeDto"
                  }
                }
              }
            }
          }
        },
        "security": [
          {
            "JWT": []
          }
        ]
      }
    },
    "/api/1.0/SkillUsers": {
      "post": {
        "tags": [
          "SkillUsers"
        ],
        "operationId": "SkillUsers_Create",
        "requestBody": {
          "x-name": "list",
          "content": {
            "application/json": {
              "schema": {
                "type": "array",
                "items": {
                  "$ref": "#/components/schemas/SkillUserCreationDto"
                }
              }
            }
          },
          "required": true,
          "x-position": 1
        },
        "responses": {
          "200": {
            "description": "",
            "content": {
              "application/json": {
                "schema": {
                  "type": "array",
                  "items": {
                    "type": "integer",
                    "format": "int32"
                  }
                }
              }
            }
          }
        },
        "security": [
          {
            "JWT": []
          }
        ]
      }
    },
    "/api/1.0/Topics": {
      "get": {
        "tags": [
          "Topics"
        ],
        "operationId": "Topics_GetTopicsWithPagination",
        "parameters": [
          {
            "name": "ListId",
            "in": "query",
            "schema": {
              "type": "integer",
              "format": "int32"
            },
            "x-position": 1
          },
          {
            "name": "PageNumber",
            "in": "query",
            "schema": {
              "type": "integer",
              "format": "int32"
            },
            "x-position": 2
          },
          {
            "name": "PageSize",
            "in": "query",
            "schema": {
              "type": "integer",
              "format": "int32"
            },
            "x-position": 3
          }
        ],
        "responses": {
          "200": {
            "description": "",
            "content": {
              "application/json": {
                "schema": {
                  "$ref": "#/components/schemas/PaginatedListOfTopicBriefDto"
                }
              }
            }
          }
        },
        "security": [
          {
            "JWT": []
          }
        ]
      },
      "post": {
        "tags": [
          "Topics"
        ],
        "operationId": "Topics_Create",
        "requestBody": {
          "x-name": "command",
          "content": {
            "application/json": {
              "schema": {
                "$ref": "#/components/schemas/CreateTopicCommand"
              }
            }
          },
          "required": true,
          "x-position": 1
        },
        "responses": {
          "200": {
            "description": "",
            "content": {
              "application/json": {
                "schema": {
                  "type": "integer",
                  "format": "int32"
                }
              }
            }
          }
        },
        "security": [
          {
            "JWT": []
          }
        ]
      }
    },
    "/api/1.0/Topics/{id}": {
      "put": {
        "tags": [
          "Topics"
        ],
        "operationId": "Topics_Update",
        "parameters": [
          {
            "name": "id",
            "in": "path",
            "required": true,
            "schema": {
              "type": "integer",
              "format": "int32"
            },
            "x-position": 1
          }
        ],
        "requestBody": {
          "x-name": "command",
          "content": {
            "application/json": {
              "schema": {
                "$ref": "#/components/schemas/UpdateTopicCommand"
              }
            }
          },
          "required": true,
          "x-position": 2
        },
        "responses": {
          "200": {
            "description": "",
            "content": {
              "application/octet-stream": {
                "schema": {
                  "type": "string",
                  "format": "binary"
                }
              }
            }
          }
        },
        "security": [
          {
            "JWT": []
          }
        ]
      },
      "delete": {
        "tags": [
          "Topics"
        ],
        "operationId": "Topics_Delete",
        "parameters": [
          {
            "name": "id",
            "in": "path",
            "required": true,
            "schema": {
              "type": "integer",
              "format": "int32"
            },
            "x-position": 1
          }
        ],
        "responses": {
          "200": {
            "description": "",
            "content": {
              "application/octet-stream": {
                "schema": {
                  "type": "string",
                  "format": "binary"
                }
              }
            }
          }
        },
        "security": [
          {
            "JWT": []
          }
        ]
      }
    },
    "/api/1.0/Topics/UpdateItemDetails": {
      "put": {
        "tags": [
          "Topics"
        ],
        "operationId": "Topics_UpdateItemDetails",
        "parameters": [
          {
            "name": "id",
            "in": "query",
            "schema": {
              "type": "integer",
              "format": "int32"
            },
            "x-position": 1
          }
        ],
        "requestBody": {
          "x-name": "command",
          "content": {
            "application/json": {
              "schema": {
                "$ref": "#/components/schemas/UpdateTopicDetailCommand"
              }
            }
          },
          "required": true,
          "x-position": 2
        },
        "responses": {
          "200": {
            "description": "",
            "content": {
              "application/octet-stream": {
                "schema": {
                  "type": "string",
                  "format": "binary"
                }
              }
            }
          }
        },
        "security": [
          {
            "JWT": []
          }
        ]
      }
    },
    "/api/1.0/User": {
      "get": {
        "tags": [
          "User"
        ],
        "operationId": "User_Get",
        "responses": {
          "200": {
            "description": "",
            "content": {
              "application/json": {
                "schema": {
                  "type": "array",
                  "items": {
                    "$ref": "#/components/schemas/UserDto"
                  }
                }
              }
            }
          }
        },
        "security": [
          {
            "JWT": []
          }
        ]
      },
      "post": {
        "tags": [
          "User"
        ],
        "operationId": "User_Create",
        "requestBody": {
          "x-name": "command",
          "content": {
            "application/json": {
              "schema": {
                "$ref": "#/components/schemas/CreateUserCommand"
              }
            }
          },
          "required": true,
          "x-position": 1
        },
        "responses": {
          "200": {
            "description": "",
            "content": {
              "application/json": {
                "schema": {
                  "type": "integer",
                  "format": "int32"
                }
              }
            }
          }
        },
        "security": [
          {
            "JWT": []
          }
        ]
      }
    },
    "/api/1.0/User/{id}": {
      "put": {
        "tags": [
          "User"
        ],
        "operationId": "User_Update",
        "parameters": [
          {
            "name": "id",
            "in": "path",
            "required": true,
            "schema": {
              "type": "integer",
              "format": "int32"
            },
            "x-position": 1
          }
        ],
        "requestBody": {
          "x-name": "command",
          "content": {
            "application/json": {
              "schema": {
                "$ref": "#/components/schemas/UpdateUserCommand"
              }
            }
          },
          "required": true,
          "x-position": 2
        },
        "responses": {
          "200": {
            "description": "",
            "content": {
              "application/octet-stream": {
                "schema": {
                  "type": "string",
                  "format": "binary"
                }
              }
            }
          }
        },
        "security": [
          {
            "JWT": []
          }
        ]
      },
      "delete": {
        "tags": [
          "User"
        ],
        "operationId": "User_Delete",
        "parameters": [
          {
            "name": "id",
            "in": "path",
            "required": true,
            "schema": {
              "type": "integer",
              "format": "int32"
            },
            "x-position": 1
          }
        ],
        "responses": {
          "200": {
            "description": "",
            "content": {
              "application/octet-stream": {
                "schema": {
                  "type": "string",
                  "format": "binary"
                }
              }
            }
          }
        },
        "security": [
          {
            "JWT": []
          }
        ]
      }
    },
    "/api/1.0/User/UploadImage": {
      "post": {
        "tags": [
          "User"
        ],
        "operationId": "User_Upload",
        "requestBody": {
          "content": {
            "multipart/form-data": {
              "schema": {
                "properties": {
                  "ContentType": {
                    "type": "string",
                    "nullable": true
                  },
                  "ContentDisposition": {
                    "type": "string",
                    "nullable": true
                  },
                  "Headers": {
                    "nullable": true,
                    "oneOf": [
                      {
                        "$ref": "#/components/schemas/IHeaderDictionary"
                      }
                    ]
                  },
                  "Length": {
                    "type": "integer",
                    "format": "int64"
                  },
                  "Name": {
                    "type": "string",
                    "nullable": true
                  },
                  "FileName": {
                    "type": "string",
                    "nullable": true
                  }
                }
              }
            }
          }
        },
        "responses": {
          "200": {
            "description": "",
            "content": {
              "application/octet-stream": {
                "schema": {
                  "type": "string",
                  "format": "binary"
                }
              }
            }
          }
        },
        "security": [
          {
            "JWT": []
          }
        ]
      }
    }
  },
  "components": {
    "schemas": {
      "TodosVm": {
        "type": "object",
        "additionalProperties": false,
        "properties": {
          "priorityLevels": {
            "type": "array",
            "nullable": true,
            "items": {
              "$ref": "#/components/schemas/PriorityLevelDto"
            }
          },
          "lists": {
            "type": "array",
            "nullable": true,
            "items": {
              "$ref": "#/components/schemas/CourseDto"
            }
          }
        }
      },
      "PriorityLevelDto": {
        "type": "object",
        "additionalProperties": false,
        "properties": {
          "value": {
            "type": "integer",
            "format": "int32"
          },
          "name": {
            "type": "string",
            "nullable": true
          }
        }
      },
      "CourseDto": {
        "type": "object",
        "additionalProperties": false,
        "properties": {
          "id": {
            "type": "integer",
            "format": "int32"
          },
          "title": {
            "type": "string",
            "nullable": true
          },
          "colour": {
            "type": "string",
            "nullable": true
          },
          "items": {
            "type": "array",
            "nullable": true,
            "items": {
              "$ref": "#/components/schemas/TopicDto"
            }
          }
        }
      },
      "TopicDto": {
        "type": "object",
        "additionalProperties": false,
        "properties": {
          "id": {
            "type": "integer",
            "format": "int32"
          },
          "listId": {
            "type": "integer",
            "format": "int32"
          },
          "title": {
            "type": "string",
            "nullable": true
          },
          "done": {
            "type": "boolean"
          },
          "priority": {
            "type": "integer",
            "format": "int32"
          },
          "note": {
            "type": "string",
            "nullable": true
          }
        }
      },
      "UserShortDto": {
        "type": "object",
        "additionalProperties": false,
        "properties": {
          "profilePhotoLink": {
            "type": "string",
            "nullable": true
          },
          "firstName": {
            "type": "string",
            "nullable": true
          },
          "lastName": {
            "type": "string",
            "nullable": true
          },
          "email": {
            "type": "string",
            "nullable": true
          }
        }
      },
      "CreateCourseCommand": {
        "type": "object",
        "additionalProperties": false,
        "properties": {
          "title": {
            "type": "string",
            "nullable": true
          }
        }
      },
      "UpdateCourseCommand": {
        "type": "object",
        "additionalProperties": false,
        "properties": {
          "id": {
            "type": "integer",
            "format": "int32"
          },
          "title": {
            "type": "string",
            "nullable": true
          }
        }
      },
      "SkillTypeDto": {
        "type": "object",
        "additionalProperties": false,
        "properties": {
          "id": {
            "type": "integer",
            "format": "int32"
          },
          "name": {
            "type": "string",
            "nullable": true
          },
          "skills": {
            "type": "array",
            "nullable": true,
            "items": {
              "$ref": "#/components/schemas/SkillDto"
            }
          }
        }
      },
      "SkillDto": {
        "type": "object",
        "additionalProperties": false,
        "properties": {
          "id": {
            "type": "integer",
            "format": "int32"
          },
          "name": {
            "type": "string",
            "nullable": true
          }
        }
      },
      "SkillUserCreationDto": {
        "type": "object",
        "additionalProperties": false,
        "properties": {
          "skillId": {
            "type": "integer",
            "format": "int32"
          },
          "skillLevel": {
            "$ref": "#/components/schemas/SkillLevel"
          }
        }
      },
      "SkillLevel": {
        "type": "integer",
        "description": "",
        "x-enumNames": [
          "None",
          "Low",
          "Medium",
          "High",
          "VeryHigh"
        ],
        "enum": [
          0,
          1,
          2,
          3,
          4
        ]
      },
      "PaginatedListOfTopicBriefDto": {
        "type": "object",
        "additionalProperties": false,
        "properties": {
          "items": {
            "type": "array",
            "nullable": true,
            "items": {
              "$ref": "#/components/schemas/TopicBriefDto"
            }
          },
          "pageIndex": {
            "type": "integer",
            "format": "int32"
          },
          "totalPages": {
            "type": "integer",
            "format": "int32"
          },
          "totalCount": {
            "type": "integer",
            "format": "int32"
          },
          "hasPreviousPage": {
            "type": "boolean"
          },
          "hasNextPage": {
            "type": "boolean"
          }
        }
      },
      "TopicBriefDto": {
        "type": "object",
        "additionalProperties": false,
        "properties": {
          "id": {
            "type": "integer",
            "format": "int32"
          },
          "listId": {
            "type": "integer",
            "format": "int32"
          },
          "title": {
            "type": "string",
            "nullable": true
          },
          "done": {
            "type": "boolean"
          }
        }
      },
      "CreateTopicCommand": {
        "type": "object",
        "additionalProperties": false,
        "properties": {
          "listId": {
            "type": "integer",
            "format": "int32"
          },
          "title": {
            "type": "string",
            "nullable": true
          }
        }
      },
      "UpdateTopicCommand": {
        "type": "object",
        "additionalProperties": false,
        "properties": {
          "id": {
            "type": "integer",
            "format": "int32"
          },
          "title": {
            "type": "string",
            "nullable": true
          },
          "done": {
            "type": "boolean"
          }
        }
      },
      "UpdateTopicDetailCommand": {
        "type": "object",
        "additionalProperties": false,
        "properties": {
          "id": {
            "type": "integer",
            "format": "int32"
          },
          "listId": {
            "type": "integer",
            "format": "int32"
          },
          "priority": {
            "$ref": "#/components/schemas/PriorityLevel"
          },
          "note": {
            "type": "string",
            "nullable": true
          }
        }
      },
      "PriorityLevel": {
        "type": "integer",
        "description": "",
        "x-enumNames": [
          "None",
          "Low",
          "Medium",
          "High"
        ],
        "enum": [
          0,
          1,
          2,
          3
        ]
      },
      "UserDto": {
        "type": "object",
        "additionalProperties": false,
        "properties": {
          "id": {
            "type": "integer",
            "format": "int32"
          },
          "isAdmin": {
            "type": "boolean"
          },
          "profilePhotoLink": {
            "type": "string",
            "nullable": true
          },
          "firstName": {
            "type": "string",
            "nullable": true
          },
          "lastName": {
            "type": "string",
            "nullable": true
          },
          "birthDate": {
            "type": "string",
            "format": "date-time",
            "nullable": true
          },
          "city": {
            "type": "string",
            "nullable": true
          },
          "email": {
            "type": "string",
            "nullable": true
          },
          "educationalEstablishment": {
            "type": "string",
            "nullable": true
          },
          "faculty": {
            "type": "string",
            "nullable": true
          },
          "englishLevel": {
            "$ref": "#/components/schemas/EnglishLevel"
          },
          "isDeactivated": {
            "type": "boolean"
          }
        }
      },
      "EnglishLevel": {
        "type": "integer",
        "description": "",
        "x-enumNames": [
          "Elementary",
          "PreIntermediate",
          "Intermediate",
          "UpperIntermediate",
          "Advanced"
        ],
        "enum": [
          0,
          1,
          2,
          3,
          4
        ]
      },
      "CreateUserCommand": {
        "type": "object",
        "additionalProperties": false,
        "properties": {
          "isAdmin": {
            "type": "boolean"
          },
          "profilePhotoLink": {
            "type": "string",
            "nullable": true
          },
          "firstName": {
            "type": "string",
            "nullable": true
          },
          "lastName": {
            "type": "string",
            "nullable": true
          },
          "birthDate": {
            "type": "string",
            "format": "date-time",
            "nullable": true
          },
          "city": {
            "type": "string",
            "nullable": true
          },
          "email": {
            "type": "string",
            "nullable": true
          },
          "educationalEstablishment": {
            "type": "string",
            "nullable": true
          },
          "faculty": {
            "type": "string",
            "nullable": true
          },
          "englishLevel": {
            "$ref": "#/components/schemas/EnglishLevel"
          }
        }
      },
      "UpdateUserCommand": {
        "type": "object",
        "additionalProperties": false,
        "properties": {
          "id": {
            "type": "integer",
            "format": "int32"
          },
          "isAdmin": {
            "type": "boolean"
          },
          "firstName": {
            "type": "string",
            "nullable": true
          },
          "lastName": {
            "type": "string",
            "nullable": true
          },
          "birthDate": {
            "type": "string",
            "format": "date-time",
            "nullable": true
          },
          "city": {
            "type": "string",
            "nullable": true
          },
          "email": {
            "type": "string",
            "nullable": true
          },
          "educationalEstablishment": {
            "type": "string",
            "nullable": true
          },
          "faculty": {
            "type": "string",
            "nullable": true
          },
          "englishLevel": {
            "$ref": "#/components/schemas/EnglishLevel"
          },
          "isDeactivated": {
            "type": "boolean"
          }
        }
      },
      "IHeaderDictionary": {
        "type": "object",
        "x-abstract": true,
        "additionalProperties": false,
        "properties": {
          "Item": {
            "type": "array",
            "items": {
              "type": "string"
            }
          },
          "ContentLength": {
            "type": "integer",
            "format": "int64",
            "nullable": true
          }
        }
      }
    },
    "securitySchemes": {
      "JWT": {
        "type": "apiKey",
        "description": "Type into the textbox: Bearer {your JWT token}.",
        "name": "Authorization",
        "in": "header"
      }
    }
  },
  "security": [
    {
      "JWT": []
    }
  ]
}